id,title,description,link,image_link,additional_image_link,video_link,availability,price,sale_price,condition,brand,product_type,google_product_category,color,material,size,gender,age_group,gtin,mpn,identifier_exists
"p-1772265903701","The Futurex Q8 PRO Bladeless Tower Fan with Hot & Cool Modes & Remote Control | PTC Ceramic Heating Elements","TFX Advance – All-Season Bladeless Fan | Cool in Summer & Warm in Winter is a modern bladeless fan for smooth airflow, quiet room cooling, safer everyday comfort, and premium home or office use. Designed for bedrooms, study rooms, living spaces, and work desks, it supports convenient cooling with a clean tower-style look and easy daily operation. If you are looking for a bladeless fan, smart fan, tower fan, quiet cooling fan, air circulation fan, or premium cooling solution in India, TFX Advance – All-Season Bladeless Fan | Cool in Summer & Warm in Winter brings comfort, style, and reliable performance together. Features: Bladeless airflow; Quiet cooling; Room comfort; Speed control; Remote control; Modern tower design; Safer air output; Low-noise use; Easy cleaning; Home and office. Specifications: Suitable Season: All Season; Control Type: Remote And Display; Product Type: Bladeless Fan with Heat And Cool; Application: Bedroom, Living Room, Office, Hotel Room; Air Purifier Function: Yes; Style: Modern / Minimalist; Function: Overheat Protection, Remote Controlled, Tip-Over Protection, Ventilation; Noise Level: Low Noise Operation; Design: Compact 26-inch tower design; Heating Technology: PTC Ceramic Heating Elements; Brand: The Future X; Functions: Cooling, Heating; Model: Q8 Pro; Indoor Use: Yes; Safety Features: Overheat Protection, Tip-Over Protection; Bladeless: Yes; Usage: Household, Hotel, Commercial.","https://thefuturex.in/product/tfx-advance","https://firebasestorage.googleapis.com/v0/b/futurexweb-ae46b.firebasestorage.app/o/products%2F1782201273422_Q8%20pro1.webp?alt=media&token=22b0e245-9ade-4962-8675-e88d26984a90","https://firebasestorage.googleapis.com/v0/b/futurexweb-ae46b.firebasestorage.app/o/products%2F1782201385706_Q8%20pro4.webp?alt=media&token=a546b524-6906-4ddb-8590-ebdfa8d7aac1,https://firebasestorage.googleapis.com/v0/b/futurexweb-ae46b.firebasestorage.app/o/products%2F1782201387988_Q8%20pro3.webp?alt=media&token=98f5a5b5-fb30-4619-b60d-e0a0d1bf789a,https://firebasestorage.googleapis.com/v0/b/futurexweb-ae46b.firebasestorage.app/o/products%2F1782201389820_Q8%20pro2.webp?alt=media&token=e923e405-5f5e-455c-a6e6-97c831736f50","","in_stock","12599.00 INR","11339.10 INR","new","TheFutureX","Smart Fans","","","","","","","","","no"
"p-1772271848557","The Futurex TP02 PLUS Bladeless Tower Fan with BLDC Motor & Remote Control","TFX Breeze Pro – Bladeless Tower Fan with Upgraded Motor & Remote Control is a modern bladeless fan for smooth airflow, quiet room cooling, safer everyday comfort, and premium home or office use. Designed for bedrooms, study rooms, living spaces, and work desks, it supports convenient cooling with a clean tower-style look and easy daily operation. If you are looking for a bladeless fan, smart fan, tower fan, quiet cooling fan, air circulation fan, or premium cooling solution in India, TFX Breeze Pro – Bladeless Tower Fan with Upgraded Motor & Remote Control brings comfort, style, and reliable performance together. Features: Bladeless airflow; Quiet cooling; Room comfort; Speed control; Remote control; Modern tower design; Safer air output; Low-noise use; Easy cleaning; Home and office. Specifications: Type: Tower Fan (Bladeless); Power Source: Electric; Brand: TheFutureX; Wind Speed: 10 m/s; Power Consumption: 45W (Cooling); Origin: Guangdong, China; Function: Cooling Only; Voltage: 220–240V; Warranty: 1 Year; Usage: Room / Indoor; Model: TP-02 PLUS; Control Type: Touch Panel + Remote; App Control: No.","https://thefuturex.in/product/tfx-breeze-pro","https://firebasestorage.googleapis.com/v0/b/futurexweb-ae46b.firebasestorage.app/o/products%2F1782201799732_TP02-1.webp?alt=media&token=abaea63a-c28c-4573-a010-bed09177789c","https://firebasestorage.googleapis.com/v0/b/futurexweb-ae46b.firebasestorage.app/o/products%2F1782201794533_TP02-4.webp?alt=media&token=70351db6-0459-4a0f-a052-f4d2decad6db,https://firebasestorage.googleapis.com/v0/b/futurexweb-ae46b.firebasestorage.app/o/products%2F1782201796689_TP02-3.webp?alt=media&token=1c47f7d5-520f-413c-bad3-4d07098b5687,https://firebasestorage.googleapis.com/v0/b/futurexweb-ae46b.firebasestorage.app/o/products%2F1782201798191_TP02-2.webp?alt=media&token=1d8d0f9d-b9bb-4f70-95f3-6c372ed6442d","","in_stock","12000.00 INR","10800.00 INR","new","TheFutureX","Smart Fans","","","","","","","","","no"
"p-1772272230782","The Futurex TP12 3-in-1 Bladeless Tower Fan with HEPA Air Purifier & Plasma Purification | ABS Plastic Body","Bring home the The Future X Luxurious TP12 3-in-1 Bladeless Tower Fan and experience next-level comfort in every season. Designed with advanced technology, this luxurious appliance combines powerful cooling, HEPA air purification, and plasma purification in one sleek unit. Whether you're relaxing in summer heat or improving indoor air quality year-round, the TP12 delivers smooth, safe, and refreshing airflow without traditional blades. Its modern design not only enhances your space but also ensures a quiet and energy-efficient performance . With integrated HEPA filtration and plasma technology , it actively removes dust, allergens, and harmful particles—giving you cleaner, healthier air at home or office. Features: Airflow – Use in all seasons; Remote Control; HEPA Air Purification System; Plasma Air Purifier Technology; Bladeless Safe Design; Remote & Touch Control; Modern Luxury Design; Multiple Speed Settings. Specifications: Oscillation: Yes; Installation: Floor Standing; Power Source: Electric; Speed Settings: Multiple Levels; Brand: The Future X; Function: Cooling + HEPA Air Purification + Plasma Purifier; Technology: Bladeless Airflow System; Timer Function: Yes; Purification Technology: Plasma; Filter Type: HEPA Filter; Safety Feature: Child & Pet Safe (No Blades); Design: Slim Tower Design; Control Type: Remote Control + Touch Panel; Application: Home, Office, Bedroom; Material: ABS Plastic; Airflow Type: Smooth & Continuous; Type: Bladeless Tower Fan; Noise Level: Low Noise Operation; Energy Efficiency: Power Efficient; Model: TP12 3 In 1; Voltage: 220–240V.","https://thefuturex.in/product/tfx-luxair-pro","https://firebasestorage.googleapis.com/v0/b/futurexweb-ae46b.firebasestorage.app/o/products%2F1778071392888_TP)12%20(1).webp?alt=media&token=c051a3b8-9b4c-4acb-aba5-3ca39f570162","https://firebasestorage.googleapis.com/v0/b/futurexweb-ae46b.firebasestorage.app/o/products%2F1778071383037_TP)12%20(2).webp?alt=media&token=21a927e0-73cb-42d2-9dd9-14da10a0af4b,https://firebasestorage.googleapis.com/v0/b/futurexweb-ae46b.firebasestorage.app/o/products%2F1778071389770_TP)12%20(4).webp?alt=media&token=48f3b4e5-18df-426a-be35-a3c9d4076fe3,https://firebasestorage.googleapis.com/v0/b/futurexweb-ae46b.firebasestorage.app/o/products%2F1778071386544_TP)12%20(3).webp?alt=media&token=9de863d1-99c8-49c6-9cbc-75e31bebe002","https://firebasestorage.googleapis.com/v0/b/futurexweb-ae46b.firebasestorage.app/o/products%2Fvideos%2F1779539915314_Luxurious%20Bladeless%20Fan.mp4?alt=media&token=08eccf7c-9088-4bd8-8673-e5558d7528d9","in_stock","16450.00 INR","14805.00 INR","new","TheFutureX","Smart Fans","","","ABS Plastic","","","","","","no"
"p-1772272596770","The Futurex TP20-12 Bladeless Tower Fan with HEPA Air Purifier & Remote Control | Plastic Body","Upgrade your indoor comfort with the TheFutureX TP20-12 Bladeless Tower Fan , designed with a modern aesthetic and powerful performance. Built for homes, hotels, garages, and commercial spaces, this fan delivers efficient cooling with advanced digital controls and a sleek bladeless design. Enjoy smooth, consistent airflow with 10 adjustable speed levels , allowing you to customize cooling exactly to your preference. The bladeless technology ensures safe operation for children and pets, while also providing quieter performance compared to traditional fans. Control your comfort effortlessly using the LCD touch panel or remote control , giving you full access to settings from anywhere in the room. The 12-hour timer lets you schedule operation for convenience and energy savings. Crafted from durable, high-quality plastic with a premium silver and black finish, the TP20-12 blends seamlessly into any modern interior. Its floor-standing design makes it ideal for indoor use across various environments. Attributs type: Tower &amp; Pedestal Fans application: Commercial, Garage, Hotel, Household control type: Digital warranty: 1 Year material: Plastic wind speed: More Than Five installation: Floor Power Source: Electric App-Controlled: No timer: Yes adjustable height: No remote control: Yes private mold: No Brand: TheFuturex model number: TP20-12 place of origin: China voltage (v): 220 Type: purifier blaldeless floor fan Function: Remote Control Feature: High Efficiency Control: LCD Touch+Remote Timer: 12h Usage: Indoor Usage Color: Silver and Black Speed: 10 speed Style: Modern Features: Bladeless Technology – Safe, quiet, and efficient airflow; 10 Speed Levels – Adjustable cooling for every need; Dual Control System – LCD Touch Panel + Remote Control; 12-Hour Timer – Smart scheduling for convenience; Wide Application – Perfect for home, hotel, garage & commercial use; Electric Powered (220V) – Stable and reliable performance; Modern Design – Stylish silver & black finish; 1-Year Warranty – With free spare parts support. Specifications: voltage (v): 220; Color: Silver and Black; Function: Remote Control; Usage: Indoor Usage; Timer: 12h; place of origin: China; wind speed: More Than Five; application: Commercial, Garage, Hotel, Household; Control: LCD Touch+Remote; installation: Floor; Feature: High Efficiency; Type: purifier blaldeless floor fan; material: Plastic; App-Controlled: No; adjustable height: No; type: Tower & Pedestal Fans; control type: Digital; private mold: No; remote control: Yes; warranty: 1 Year; timer: Yes; Style: Modern; Speed: 10 speed; Brand: TheFuturex; Power Source: Electric; model number: TP20-12.","https://thefuturex.in/product/tfx-hepa-pureair-pro","https://firebasestorage.googleapis.com/v0/b/futurexweb-ae46b.firebasestorage.app/o/products%2F1775564687091_TP20-12%20Purifier%20Bladeless%20Floor%20Fan.jpg.webp?alt=media&token=bfef5d4c-1fc6-4dce-822b-fea7e383fefb","https://firebasestorage.googleapis.com/v0/b/futurexweb-ae46b.firebasestorage.app/o/products%2F1772272591346_fan%20(2).webp?alt=media&token=62604104-1446-4517-a5ac-fd817610f858,https://firebasestorage.googleapis.com/v0/b/futurexweb-ae46b.firebasestorage.app/o/products%2F1772272592692_fan%20(3).webp?alt=media&token=2aaac3e8-0e3f-41d8-aa45-01d74ef74938,https://firebasestorage.googleapis.com/v0/b/futurexweb-ae46b.firebasestorage.app/o/products%2F1772272595308_fan%20(5).webp?alt=media&token=4837f5cb-88fb-47b9-9597-a5b48ef23ea7","","out_of_stock","14999.00 INR","13499.10 INR","new","TheFutureX","Smart Fans","","","Plastic","","","","","","no"
"p-1772273378310","The Futurex QG830 Bladeless Tower Fan with Hot & Cool Modes & 10 Cooling Speeds | PTC Ceramic Heating | Anti-fire PC + ABS Body","Experience next-level comfort with the Future X QG830 Bladeless Tower Fan, designed to deliver both cooling and heating in a single smart device. Crafted with cutting-edge bladeless technology, this fan ensures complete safety for your family while providing a powerful and uniform airflow. Its brushless motor delivers exceptional performance with minimal noise, making it the perfect choice for bedrooms, offices, and modern homes. With 10-speed settings, convenient remote control functionality, and a sleek digital interface, you gain complete control over your comfort. Whether it’s the heat of summer or the chill of winter, this all-season smart fan effortlessly adapts to your specific needs. Features: 2-in-1 Hot & Cold Air; Bladeless Safe Technology; Powerful Brushless Motor; 10 Speed Control; Remote + Digital Control. Specifications: Power Source: Electric; Product Name: TFX QG830; Control Mode: Manual Panel + Remote Control; Application: Commercial, Garage,Hotel, Household; Timer: 1–9 Hour Timer; Brand Name: The FutureX; Keywords: Portable Heater Fan; Model Number: QG830; App-Controlled: No; Material: Anti-fire PC + ABS; Warranty: 1 Year; Operating Language: English; Power: 35W / 1950W; Place of Origin: China; Logo/Graphic Design: Silk Screen Printing, Laser Printing; Product Size: 820 × 255 × 240 mm.","https://thefuturex.in/product/tfx-smart-10x-air","https://firebasestorage.googleapis.com/v0/b/futurexweb-ae46b.firebasestorage.app/o/products%2F1778070845916_The%20Future%20X%20QG830%20Bladeless%20%20(1).webp?alt=media&token=0f9dfd35-e152-4357-a4a0-c45d02fc33c3","https://firebasestorage.googleapis.com/v0/b/futurexweb-ae46b.firebasestorage.app/o/products%2F1778070848805_The%20Future%20X%20QG830%20Bladeless%20%20(2).webp?alt=media&token=06975a55-3b87-4d7e-92af-32f7b02e6318,https://firebasestorage.googleapis.com/v0/b/futurexweb-ae46b.firebasestorage.app/o/products%2F1778070854787_The%20Future%20X%20QG830%20Bladeless%20%20(4).webp?alt=media&token=04cb78a2-5022-4905-8102-6d6e1e4e0b8c,https://firebasestorage.googleapis.com/v0/b/futurexweb-ae46b.firebasestorage.app/o/products%2F1778070851337_The%20Future%20X%20QG830%20Bladeless%20%20(3).webp?alt=media&token=4c821c54-8cdb-4a2d-aa00-67cc7c99de39","https://firebasestorage.googleapis.com/v0/b/futurexweb-ae46b.firebasestorage.app/o/products%2Fvideos%2F1779540490092_Q8-Pro.mp4?alt=media&token=8a8df236-1589-424f-9caf-2e2cc2b86737","in_stock","13999.00 INR","12599.10 INR","new","TheFutureX","Smart Fans","","","Anti-fire PC + ABS","","","","","","no"
"p-1772273989383","The Futurex TP09 PRO Bladeless Tower Fan with Hot & Cool Modes & Remote Control | PTC Ceramic Heating | ABS Body","TFXHot and CoolAir Pro – Bladeless Hot & Cool Fan for Home is a modern bladeless fan for smooth airflow, quiet room cooling, safer everyday comfort, and premium home or office use. Designed for bedrooms, study rooms, living spaces, and work desks, it supports convenient cooling with a clean tower-style look and easy daily operation. If you are looking for a bladeless fan, smart fan, tower fan, quiet cooling fan, air circulation fan, or premium cooling solution in India, TFXHot and CoolAir Pro – Bladeless Hot & Cool Fan for Home brings comfort, style, and reliable performance together. Features: Bladeless airflow; Quiet cooling; Room comfort; Speed control; Remote control; Modern tower design; Safer air output; Low-noise use; Easy cleaning; Home and office. Specifications: Power (W): Cool: 5–35W (±20%) / Hot: 1500–1800W (±20%); Voltage (V): 220V–240V / 110V–125V; Model Number: TP-09PRO.","https://thefuturex.in/product/tfxhot-and-coolair-pro","https://firebasestorage.googleapis.com/v0/b/futurexweb-ae46b.firebasestorage.app/o/products%2F1784713668464_40.webp?alt=media&token=56b3139a-ab23-4e19-a08e-36f3791b9c49","https://firebasestorage.googleapis.com/v0/b/futurexweb-ae46b.firebasestorage.app/o/products%2F1784713671306_41.webp?alt=media&token=8b2fd2c7-b30c-4933-bb8b-d3934ff5a378,https://firebasestorage.googleapis.com/v0/b/futurexweb-ae46b.firebasestorage.app/o/products%2F1784713673900_42.webp?alt=media&token=69b9490c-8c8c-4f8d-9c42-585086f3b8a3,https://firebasestorage.googleapis.com/v0/b/futurexweb-ae46b.firebasestorage.app/o/products%2F1784713676508_43.webp?alt=media&token=b96981f7-af67-4724-8537-dee0fe1e395b,https://firebasestorage.googleapis.com/v0/b/futurexweb-ae46b.firebasestorage.app/o/products%2F1784713679085_44.webp?alt=media&token=128749cf-452a-4b9e-99a5-512b312acb08,https://firebasestorage.googleapis.com/v0/b/futurexweb-ae46b.firebasestorage.app/o/products%2F1784713685001_45.webp?alt=media&token=90d3e38b-16dc-43f9-989e-010b7fa213e9","https://firebasestorage.googleapis.com/v0/b/futurexweb-ae46b.firebasestorage.app/o/products%2Fvideos%2F1779540521880_TP-09.mp4?alt=media&token=29e0ed57-d8f5-48ce-8e7d-134e9145da88","in_stock","13200.00 INR","11880.00 INR","new","TheFutureX","Smart Fans","","","","","","","","","no"
"p-1772274359863","The Futurex TFX-TP02 3-in-1 Bladeless Tower Fan with Air Purifier & LED Light | ABS Body","Model number: TP-02 (3IN1). The Futurex TFX-TP02 3-in-1 Bladeless Tower Fan with Air Purifier & LED Light | ABS Body is a modern bladeless fan for smooth airflow, quiet room cooling, safer everyday comfort, and premium home or office use. Designed for bedrooms, study rooms, living spaces, and work desks, it supports convenient cooling with a clean tower-style look and easy daily operation. If you are looking for a bladeless fan, smart fan, tower fan, quiet cooling fan, air circulation fan, or premium cooling solution in India, The Futurex TFX-TP02 3-in-1 Bladeless Tower Fan with Air Purifier & LED Light | ABS Body brings comfort, style, and reliable performance together. Features: Bladeless airflow; Quiet cooling; Room comfort; Speed control; Remote control; Modern tower design; Safer air output; Low-noise use; Easy cleaning; Home and office. Specifications: Control Type: Remote Control; Product Size: 740 × 265 × 240 mm; Dimensions: 265 × 185 × 1020 mm; Style: Hot-selling; Function: Air Cooling, Ventilation & Air Filtration; Model Number: TP-02 (3IN1); Place of Origin: China; Application: Hotel; Noise Level: 55 dB; Type: Table Fans; Wind Speed: 1–10 Speeds; Feature: Bladeless Design; Power Switch: LCD Touch Screen & Remote Controller; Power: 45W; Usage: Home + Hotel + Office; Material: ABS; Oscillation Angle: 80° Body Sway; Energy Efficiency Rating: Class A; Power Source: Electric; Installation: Tower; Remote Control: Yes; Product Name: Household Use Bladeless Floor Fan For Cooling.","https://thefuturex.in/product/tfx-pureair-3-in-1","https://firebasestorage.googleapis.com/v0/b/futurexweb-ae46b.firebasestorage.app/o/products%2F1777892729229_TP02%20-%203%20IN%201%20-1.jpg.webp?alt=media&token=29923d8c-60fb-49ba-a358-6331673ea3f0","https://firebasestorage.googleapis.com/v0/b/futurexweb-ae46b.firebasestorage.app/o/products%2F1777095759720_TP-02%203%20in%201.jpg.webp?alt=media&token=c0ec600b-8e1d-4422-871c-16e622ab7ed1,https://firebasestorage.googleapis.com/v0/b/futurexweb-ae46b.firebasestorage.app/o/products%2F1777892725515_TP02%20-%203%20IN%201%20-2.jpg.webp?alt=media&token=c0507cd5-a665-497c-8e6f-1f351e7c87eb,https://firebasestorage.googleapis.com/v0/b/futurexweb-ae46b.firebasestorage.app/o/products%2F1777892710777_TP02%20-%203%20IN%201%20-4.jpg.webp?alt=media&token=70e09705-fba0-4e1a-aae3-b22e6a782402,https://firebasestorage.googleapis.com/v0/b/futurexweb-ae46b.firebasestorage.app/o/products%2F1781955133236_TP%2002%20base.webp?alt=media&token=7ab641c3-de8a-4b94-ab70-84c4c491eea5,https://firebasestorage.googleapis.com/v0/b/futurexweb-ae46b.firebasestorage.app/o/products%2F1781955136325_TP%2002%20back%20view.webp?alt=media&token=07743d9b-3f2b-4306-bedd-585fcb7683d7","https://firebasestorage.googleapis.com/v0/b/futurexweb-ae46b.firebasestorage.app/o/products%2Fvideos%2F1779540422255_TP-02.mp4?alt=media&token=53e133a6-de70-4b84-90d4-61b03cdd72c2","in_stock","13500.00 INR","","new","TheFutureX","Smart Fans","","","ABS","","","","","","no"
"p-1772274734241","The Futurex 4319B Bladeless Wall-Mount Fan with Hot & Cool Modes & Remote Control | PTC Ceramic Heating Element | Anti-Fire ABS Plastic Body","TFX Wall-Mount Fan – Smart Wall-Mounted Bladeless Fan with Air Purifier is a modern bladeless fan for smooth airflow, quiet room cooling, safer everyday comfort, and premium home or office use. Designed for bedrooms, study rooms, living spaces, and work desks, it supports convenient cooling with a clean tower-style look and easy daily operation. If you are looking for a bladeless fan, smart fan, tower fan, quiet cooling fan, air circulation fan, or premium cooling solution in India, TFX Wall-Mount Fan – Smart Wall-Mounted Bladeless Fan with Air Purifier brings comfort, style, and reliable performance together. Features: Bladeless airflow; Quiet cooling; Room comfort; Speed control; Remote control; Modern tower design; Safer air output; Low-noise use; Easy cleaning; Home and office. Specifications: Material: Anti-Fire ABS Plastic; Brand: The Future X; Warranty: 1 Year; Adjustable Height: Yes; Heating Technology: PTC Ceramic Heating Element; Wind Speed: 3 Levels; Power Source: Electric; Installation Type: Wall Mounted / Table Use; App Control: Yes; Product Name: TFX 4319B; Dimensions: 28 × 40 × 17.8 cm; Remote Control: Yes; Control Type: Digital Control; Private Mold: Yes; Color: Red & Grey; Model Number: 4319B; Application: Hotel, Household; Type: Wall Mounted Fan; Function: Cooling + Ventilation + Heating (All Season Use); Operating Language: English; Power Consumption: 35W (Cooling) / 1300W (Heating).","https://thefuturex.in/product/tfx-airwall-pro","https://firebasestorage.googleapis.com/v0/b/futurexweb-ae46b.firebasestorage.app/o/products%2Fvariants%2F1782203655455_v_0_1782203625736_wall%20mounted6.webp?alt=media&token=5a14a579-f66e-4374-8ef7-278ddd867703","https://firebasestorage.googleapis.com/v0/b/futurexweb-ae46b.firebasestorage.app/o/products%2Fvariants%2F1782203659779_v_0_1782203625736_wall%20mounted5.webp?alt=media&token=3b2b6e86-54aa-4c3d-a2dd-08f39f151586,https://firebasestorage.googleapis.com/v0/b/futurexweb-ae46b.firebasestorage.app/o/products%2Fvariants%2F1782203663200_v_0_1782203625736_wall%20mounted4.webp?alt=media&token=9d86279f-52d2-428e-86ab-10d5d5dfec40,https://firebasestorage.googleapis.com/v0/b/futurexweb-ae46b.firebasestorage.app/o/products%2Fvariants%2F1782203665772_v_0_1782203625736_wall%20mounted3.webp?alt=media&token=edac1f9f-c130-43a8-be8d-c2011724ccda,https://firebasestorage.googleapis.com/v0/b/futurexweb-ae46b.firebasestorage.app/o/products%2Fvariants%2F1782203669249_v_0_1782203625736_wall%20mounted2.webp?alt=media&token=3678deca-54f8-496a-88d4-e64f95c71921,https://firebasestorage.googleapis.com/v0/b/futurexweb-ae46b.firebasestorage.app/o/products%2Fvariants%2F1782203672250_v_0_1782203625736_wall%20mounted1.webp?alt=media&token=959016d0-15b7-43bc-8379-2fd5cc630d71,https://firebasestorage.googleapis.com/v0/b/futurexweb-ae46b.firebasestorage.app/o/products%2Fvariants%2F1788499645206_v_1788499514343_c77oa_5%20(2).webp?alt=media&token=53b3c3ce-1ce0-4451-912b-ea2de269f2d9,https://firebasestorage.googleapis.com/v0/b/futurexweb-ae46b.firebasestorage.app/o/products%2Fvariants%2F1788499640609_v_1788499514343_c77oa_1%20(1).webp?alt=media&token=055ab83c-847e-4380-92bd-3ca44a9fb78e,https://firebasestorage.googleapis.com/v0/b/futurexweb-ae46b.firebasestorage.app/o/products%2Fvariants%2F1788499630448_v_1788499514343_c77oa_4%20(11).webp?alt=media&token=add656df-8cd2-402f-aa69-582afd948c9b,https://firebasestorage.googleapis.com/v0/b/futurexweb-ae46b.firebasestorage.app/o/products%2Fvariants%2F1788499634783_v_1788499514343_c77oa_2%20(2).webp?alt=media&token=a8d49cee-ac86-400a-9c62-2220458a55eb,https://firebasestorage.googleapis.com/v0/b/futurexweb-ae46b.firebasestorage.app/o/products%2Fvariants%2F1788499624373_v_1788499514343_c77oa_3%20(2).webp?alt=media&token=352cabfa-2768-4fc1-8962-f7a2d43fdf8d","https://firebasestorage.googleapis.com/v0/b/futurexweb-ae46b.firebasestorage.app/o/products%2Fvideos%2F1782221037429_WhatsApp%20Video%202026-06-23%20at%2017.10.35%20(1).mp4?alt=media&token=f3216b9e-1b7e-4429-91f9-3b3f7f4e2947","in_stock","12999.00 INR","11699.10 INR","new","TheFutureX","Smart Fans","","Red, silver","Anti-Fire ABS Plastic","","","","","","no"
"p-1772445142757","The FutureX AI Smart Band TFX5 - Heart Rate, SPO2 & Fitness Tracker","THE FUTURE X AI SMART BAND V5 is a smart fitness band, AI fitness tracker and screenless wearable designed for users who want everyday activity tracking with simple AI-powered guidance. Your fitness band should do more than just count steps, and THE FUTURE X AI SMART BAND V5 brings activity, sleep, recovery, calorie and wellness information together through the connected TFX Vital App. Designed with a lightweight, screenless and distraction-free form, the band can be comfortably worn throughout the day and night while the app organizes recorded information into easy-to-understand insights based on available synced data. Smart Fitness &amp; Activity Tracking: THE FUTURE X AI SMART BAND V5 supports Heart Rate Tracking, Blood Oxygen SpO2 Tracking, Sleep Tracking, Stress &amp; Mood Insights, Recovery Insights, Steps, Calories, Distance and Workout Activity. The connected TFX Vital App allows users to review supported fitness and activity information in one place, making it easier to understand everyday routines and recorded trends. AI-Powered TFX Vital Guidance: The TFX Vital App includes an AI guidance feature that uses available profile information and synced activity data to provide simple and easy-to-understand fitness insights. Users can request a daily wellness summary in which the AI assistant can organize available information such as activity, sleep, recovery and other recorded metrics into a clear format. The AI assistant can also provide general fitness and training guidance related to walking, exercise, workout routines, recovery, sleep and everyday fitness habits. If specific information has not been recorded or synced, the app may display it as unavailable. Metabolism &amp; Nutrition Management: The connected app includes Metabolism Management features that help users organize everyday calorie and nutrition information. Users can view Daily Calorie Goal, Calories Consumed, Calories Burned, Remaining Calories, Protein, Fat, Carbohydrates and Fiber. This provides a convenient way to keep activity and nutrition-related information organized within one connected app. Meal Photo &amp; Calorie Estimation: The TFX Vital App also allows users to capture or upload a photo of their food. Based on available image information, the app can provide an estimated calorie value for the meal. Uploaded meals can be managed through the app for convenient daily food tracking. Calorie and nutritional values are estimates and may vary depending on portion size, ingredients, preparation method and image quality. Women's Wellness Tracking: Designed for both men and women, THE FUTURE X AI SMART BAND V5 also includes supported women's wellness tracking features alongside its regular fitness and activity functions. Screenless &amp; Comfortable Design: The screenless design helps reduce unnecessary on-wrist distractions while allowing supported fitness and activity information to continue being tracked. Its lightweight construction makes the band suitable for regular day and night use, including workouts, everyday activities and sleep tracking. IP68 Water &amp; Dust Resistance: THE FUTURE X AI SMART BAND V5 features an IP68-rated water and dust-resistant design, making it suitable for everyday activities, workouts, sweat and light rain. Water resistance may vary depending on usage conditions and normal wear. Long Battery Life: The band offers approximately 7–10 days of battery life depending on usage, enabled features, syncing frequency and operating conditions. The included charging dock provides a convenient way to recharge the band when required. A Smarter Screenless Fitness Experience: THE FUTURE X AI SMART BAND V5 combines fitness and activity tracking with TFX Vital AI Guidance, nutrition management and meal calorie estimation in one connected experience. The connected app provides a convenient place to review recorded information, understand daily patterns and access general AI-powered fitness guidance. THE FUTURE X AI SMART BAND V5 can be suitable for users searching for an AI smart band, smart fitness band, fitness tracker, screenless fitness tracker, activity tracker, wearable fitness tracker, sleep tracker, heart rate tracker, SpO2 tracker, calorie tracker, step tracker, workout tracker, smart band for men, smart band for women, lightweight fitness band, long battery fitness tracker, IP68 smart band and AI-powered fitness wearable. THE FUTURE X AI SMART BAND V5 and TFX Vital App are intended for general fitness and wellness purposes only. Measurements, AI-generated guidance, nutritional information and calorie estimates are provided for general informational purposes and are not intended for medical diagnosis or treatment. Feature availability and displayed information may vary depending on recorded data, app version, device settings, syncing and usage conditions. Features: AI insights; Heart rate; SpO2 tracking; Sleep analysis; HRV monitor; Stress tracking; Energy tracking; IP68 waterproof; Long battery; App conne","https://thefuturex.in/product/tfx5-ai-smart-band","https://firebasestorage.googleapis.com/v0/b/futurexweb-ae46b.firebasestorage.app/o/products%2Fvariants%2F1784033389540_v_0_1784033364103_1%20(3).webp?alt=media&token=af750d3e-0f24-4cd8-823a-e36db39bc17b","https://firebasestorage.googleapis.com/v0/b/futurexweb-ae46b.firebasestorage.app/o/products%2Fvariants%2F1784033387180_v_0_1784033364103_2%20(1)%20(1).webp?alt=media&token=0704c7c6-9ccf-48be-952c-ff4a037bdc0c,https://firebasestorage.googleapis.com/v0/b/futurexweb-ae46b.firebasestorage.app/o/products%2Fvariants%2F1784033384595_v_0_1784033364103_3%20(5).webp?alt=media&token=daf90ecc-5dce-498d-9cc2-141d4c22beb1,https://firebasestorage.googleapis.com/v0/b/futurexweb-ae46b.firebasestorage.app/o/products%2Fvariants%2F1788520354644_v_0_1788520280895_1.webp?alt=media&token=bf0ca040-c346-4652-8656-dc43aeddefd2,https://firebasestorage.googleapis.com/v0/b/futurexweb-ae46b.firebasestorage.app/o/products%2Fvariants%2F1788520358078_v_0_1788520280895_2.webp?alt=media&token=ca915814-ef72-43cc-ad0e-642765268ec2,https://firebasestorage.googleapis.com/v0/b/futurexweb-ae46b.firebasestorage.app/o/products%2Fvariants%2F1788520361063_v_0_1788520280895_3.webp?alt=media&token=870097e1-77ad-4363-ac4b-afcbab9be7cd,https://firebasestorage.googleapis.com/v0/b/futurexweb-ae46b.firebasestorage.app/o/products%2Fvariants%2F1787311049286_v_0_1787310893677_4.webp?alt=media&token=870a9242-ebf0-4cdc-9693-87b0bee94b02,https://firebasestorage.googleapis.com/v0/b/futurexweb-ae46b.firebasestorage.app/o/products%2Fvariants%2F1787311051684_v_0_1787310893677_5.webp?alt=media&token=9881e92a-7b27-4cef-a450-27469169474b,https://firebasestorage.googleapis.com/v0/b/futurexweb-ae46b.firebasestorage.app/o/products%2Fvariants%2F1778765656771_v_0_1778765618635_AI%20v5%20Smart%20Health%20Band%20Tagline%20Slide%203.jpg.webp?alt=media&token=dd432539-7a6d-40d4-a7d4-f16bcaed5e09,https://firebasestorage.googleapis.com/v0/b/futurexweb-ae46b.firebasestorage.app/o/products%2Fvariants%2F1778765651214_v_0_1778765618635_AI%20v5%20Smart%20Health%20Band%20Tagline%20Slide%204.jpg.webp?alt=media&token=52ba13af-5e70-453e-b9ae-819feb9211ee,https://firebasestorage.googleapis.com/v0/b/futurexweb-ae46b.firebasestorage.app/o/products%2Fvariants%2F1784119432456_v_0_1784119383271_Band%20Listing%20Image.webp?alt=media&token=879f7d4f-0391-444c-8dda-8eb33a95b051","https://www.youtube.com/shorts/sbPYLBEs8U0,https://www.youtube.com/shorts/kySkO8x-prM","in_stock","11999.00 INR","9999.00 INR","new","TheFutureX","Smart Bands","","Black (Metal), Pink (Rubber), Blue (Rubber), White (Rubber), Silver (Metal)","","","","","","","no"
"p-1772605499360-t17c8","The FutureX TFX Ring Pro – Smart Ring with App Control","The FutureX TFX Ring Pro – Smart Ring with App Control is a compact smart ring designed for tracking, sleep monitoring, heart-rate insights, HRV trends, recovery signals and app-connected wellness data. Its low-profile ring form makes it easy to wear through work, workouts, travel and sleep while still giving useful fitness and lifestyle insights. Built for users looking for a smart ring, sleep tracker ring, fitness ring, recovery tracker and stylish wearable in India, The FutureX TFX Ring Pro – Smart Ring with App Control keeps the focus on comfort, data and everyday convenience. Features: Smart ring tracking; Sleep insights; Heart rate; HRV trends; Recovery score; Activity tracking; Water resistant; Lightweight fit; App sync; Long battery. Specifications: Charging Method: Wireless Charging; Material: Premium Stainless Steel; Private Mold: Yes; Operating System: Symbian; Case Material: High-Quality Alloy; Smart Features: App Control; Waterproof Rating: 5 ATM (Water Resistant).","https://thefuturex.in/product/tfx-ring-pro-smart-ring-with-app-control-and-gesture-features","https://firebasestorage.googleapis.com/v0/b/futurexweb-ae46b.firebasestorage.app/o/products%2Fvariants%2F1789543133988_v_0_1789543117454_matel-ring-website.png-silver.webp?alt=media&token=1180a6ed-db23-4c98-89d8-9611d710e20e","https://firebasestorage.googleapis.com/v0/b/futurexweb-ae46b.firebasestorage.app/o/products%2Fvariants%2F1788500459436_v_0_1788500309589_3%20(4).webp?alt=media&token=41da866d-0bfc-40bf-a1e7-81aa9e0c7c15,https://firebasestorage.googleapis.com/v0/b/futurexweb-ae46b.firebasestorage.app/o/products%2Fvariants%2F1788500456413_v_0_1788500309589_4%20(13).webp?alt=media&token=bb55cbf1-a07c-4f38-a081-92935627b121,https://firebasestorage.googleapis.com/v0/b/futurexweb-ae46b.firebasestorage.app/o/products%2Fvariants%2F1788500462561_v_0_1788500309589_2%20(4).webp?alt=media&token=8cec118c-8636-44d0-9b17-1e316d8f2bb4,https://firebasestorage.googleapis.com/v0/b/futurexweb-ae46b.firebasestorage.app/o/products%2Fvariants%2F1788500453230_v_0_1788500309589_5%20(4).webp?alt=media&token=b227ef7c-deb5-4573-85e8-86cd466aa47c,https://firebasestorage.googleapis.com/v0/b/futurexweb-ae46b.firebasestorage.app/o/products%2Fvariants%2F1788500466042_v_0_1788500309589_1%20(3).webp?alt=media&token=029bf2e7-358e-4cec-8413-5396722d3ce0,https://firebasestorage.googleapis.com/v0/b/futurexweb-ae46b.firebasestorage.app/o/products%2Fvariants%2F1788500445433_v_0_1788500309589_7%20(1).webp?alt=media&token=89746579-2f8b-419b-93ba-96221bbd567a,https://firebasestorage.googleapis.com/v0/b/futurexweb-ae46b.firebasestorage.app/o/products%2Fvariants%2F1776428581512_v_0_1776428306219_TFXQ10%20(1).webp?alt=media&token=36099da5-4786-4ef3-8ebd-798ab53df9c9,https://firebasestorage.googleapis.com/v0/b/futurexweb-ae46b.firebasestorage.app/o/products%2Fvariants%2F1788500449138_v_0_1788500309589_6%20(2).webp?alt=media&token=fd38d0b6-27bb-4453-8aba-352143d5a405,https://firebasestorage.googleapis.com/v0/b/futurexweb-ae46b.firebasestorage.app/o/products%2Fvariants%2F1779178624356_v_0_1779178586430_3rings.webp?alt=media&token=e534dcdb-d43c-40b6-adc9-adb4a208cb32,https://firebasestorage.googleapis.com/v0/b/futurexweb-ae46b.firebasestorage.app/o/products%2Fvariants%2F1776499779087_v_1_1776499618677_virtual-photoshoot-2%20(6)%20(1).jpg.webp?alt=media&token=d305887c-5578-41a4-ab8d-b4a57cb103e8","https://firebasestorage.googleapis.com/v0/b/futurexweb-ae46b.firebasestorage.app/o/products%2Fvideos%2F1779521788498_WhatsApp%20Video%202026-05-22%20at%2017.01.53.mp4?alt=media&token=5ade5930-4c65-45b6-805f-ec133c074cc7","in_stock","2470.00 INR","2346.50 INR","new","TheFutureX","Smart Rings","","Silver, Gold, Black","Premium Stainless Steel","","","","","","no"
"p-1772608609188-n1aiy","The FutureX TFX Display Pro Smart Ring – Premium Fitness Tracking with Display & Wireless Charging","The FutureX TFX Display Pro Smart Ring – Premium Fitness Tracking with Display & Wireless Charging is a compact smart ring designed for tracking, sleep monitoring, heart-rate insights, HRV trends, recovery signals and app-connected wellness data. Its low-profile ring form makes it easy to wear through work, workouts, travel and sleep while still giving useful fitness and lifestyle insights. Built for users looking for a smart ring, sleep tracker ring, fitness ring, recovery tracker and stylish wearable in India, The FutureX TFX Display Pro Smart Ring – Premium Fitness Tracking with Display & Wireless Charging keeps the focus on comfort, data and everyday convenience. Features: Built-in display; Sleep insights; Heart rate; HRV trends; Recovery score; Activity tracking; Water resistant; Lightweight fit; App sync; Long battery. Specifications: Model Name: TFX R11 Smart Ring; Waterproof: 1ATM; Operating System: Android; Capacity: 15mAh; Material: Steel; Material (Band): Steel; Connectivity Features: App Control; Brand: TheFutureX; Charging Method: Magnetic Charging; Battery type: Lithium polymer; Shape: Round; Functions: Sleep Tracker, Fitness Tracker; Camera: No; Suitable For: Unisex.","https://thefuturex.in/product/tfx-display-pro-smart-ring","https://firebasestorage.googleapis.com/v0/b/futurexweb-ae46b.firebasestorage.app/o/products%2Fvariants%2F1779513480389_v_0_1779513435723_Rose%20Gold%20Display%20ring%203.webp?alt=media&token=70ce943c-3082-47ef-ae4b-f66bdd583871","https://firebasestorage.googleapis.com/v0/b/futurexweb-ae46b.firebasestorage.app/o/products%2Fvariants%2F1779513481959_v_0_1779513435723_Rose%20Gold%20Display%20ring%202.webp?alt=media&token=da488218-47ac-46be-9289-65631c50f107,https://firebasestorage.googleapis.com/v0/b/futurexweb-ae46b.firebasestorage.app/o/products%2Fvariants%2F1779513483593_v_0_1779513435723_Rose%20Gold%20Display%20ring%201.webp?alt=media&token=be4140e2-4263-4fe2-9cf8-4f77f5494f45,https://firebasestorage.googleapis.com/v0/b/futurexweb-ae46b.firebasestorage.app/o/products%2Fvariants%2F1781954544448_v_0_1781954412727_Display%20ring1.jpg?alt=media&token=afbf1d5b-4857-46d1-a82f-ba4d04f7452b,https://firebasestorage.googleapis.com/v0/b/futurexweb-ae46b.firebasestorage.app/o/products%2Fvariants%2F1779513635979_v_1_1779513524247_Silver%20Display%20ring%201.webp?alt=media&token=c2424ae0-cacc-40ba-b88c-40feb8d07619,https://firebasestorage.googleapis.com/v0/b/futurexweb-ae46b.firebasestorage.app/o/products%2Fvariants%2F1781954544457_v_1_1781954412727_2%20(2)%20(1).webp?alt=media&token=1c40dc39-1897-4deb-868d-0c28160a9bcf,https://firebasestorage.googleapis.com/v0/b/futurexweb-ae46b.firebasestorage.app/o/products%2Fvariants%2F1781954547946_v_1_1781954412727_4%20(2).webp?alt=media&token=30987ded-f453-4380-9ed7-f620a0732ec7,https://firebasestorage.googleapis.com/v0/b/futurexweb-ae46b.firebasestorage.app/o/products%2Fvariants%2F1789541191407_v_2_1789541178556_display%20ring%20website.webp?alt=media&token=b431f2d7-51c9-43e7-b398-7f1395f3bb02,https://firebasestorage.googleapis.com/v0/b/futurexweb-ae46b.firebasestorage.app/o/products%2Fvariants%2F1779513185713_v_2_1779513139501_Black%20Display%20ring%203.webp?alt=media&token=baf973d5-6387-4c10-bf17-1e6d16ee96d2,https://firebasestorage.googleapis.com/v0/b/futurexweb-ae46b.firebasestorage.app/o/products%2Fvariants%2F1779513189085_v_2_1779513139501_Black%20Display%20ring%202.webp?alt=media&token=25df8a3b-d5b3-48d8-9a51-c7ed3156a980,https://firebasestorage.googleapis.com/v0/b/futurexweb-ae46b.firebasestorage.app/o/products%2Fvariants%2F1779513192466_v_2_1779513139501_Black%20Display%20ring%201.webp?alt=media&token=061edc6b-a8a4-4626-be5b-b7d02a60a0a2","","in_stock","3855.00 INR","3662.25 INR","new","TheFutureX","Smart Rings","","Rose Gold, Silver, Black","Steel","","","","","","no"
"p-1772611457450-saczr","The FutureX TFX Touch Smart Ring – Fitness Tracking with Touch Control","TFX Touch Smart Ring – Fitness Tracking with Touch Control is a compact smart ring designed for tracking, sleep monitoring, heart-rate insights, HRV trends, recovery signals and app-connected wellness data. Its low-profile ring form makes it easy to wear through work, workouts, travel and sleep while still giving useful fitness and lifestyle insights. Built for users looking for a smart ring, sleep tracker ring, fitness ring, recovery tracker and stylish wearable in India, TFX Touch Smart Ring – Fitness Tracking with Touch Control keeps the focus on comfort, data and everyday convenience. Features: Smart ring tracking; Sleep insights; Heart rate; HRV trends; Recovery score; Activity tracking; Water resistant; Lightweight fit; App sync; Long battery. Specifications: Style: Casual / Sporty; Type: Smart Wearable Ring; Shape: Geometric; Model: R08 Smart Ring; Functions: Fitness Tracker, Sleep Tracker, Mood Tracker; Material: Stainless Steel; Gender: Unisex; Occasion: Daily Use; Battery life: 3-5 day; Health Features: Heart Rate Monitor, Blood Oxygen (SpO2); Compatibility: Android & iOS (Fully Compatible); Battery Capacity: 15 mAh.","https://thefuturex.in/product/tfx-touch-smart-ring","https://firebasestorage.googleapis.com/v0/b/futurexweb-ae46b.firebasestorage.app/o/products%2Fvariants%2F1784788832480_v_0_1784788680145_1.webp?alt=media&token=b684ad8d-18ac-4e54-971e-24dd9771ef7b","https://firebasestorage.googleapis.com/v0/b/futurexweb-ae46b.firebasestorage.app/o/products%2Fvariants%2F1784790666675_v_0_1784790595418_hurvdkojukqekeqnf5nv.webp?alt=media&token=0c5dcf44-3ece-4747-b1ed-88627d5ff2dc,https://firebasestorage.googleapis.com/v0/b/futurexweb-ae46b.firebasestorage.app/o/products%2Fvariants%2F1784790669118_v_0_1784790595418_vcelc4iddasyrdyw6xqs.webp?alt=media&token=4c0b4550-2a39-43e5-a42b-e2a591a5ce52,https://firebasestorage.googleapis.com/v0/b/futurexweb-ae46b.firebasestorage.app/o/products%2Fvariants%2F1784878194230_v_0_1784878144497_7.webp?alt=media&token=fc816e3a-5e30-469b-9e9e-20513df6ee78,https://firebasestorage.googleapis.com/v0/b/futurexweb-ae46b.firebasestorage.app/o/products%2Fvariants%2F1784878197118_v_0_1784878144497_9.webp?alt=media&token=3197c964-1b71-4663-8c8d-c1e3efb668e1,https://firebasestorage.googleapis.com/v0/b/futurexweb-ae46b.firebasestorage.app/o/products%2Fvariants%2F1784878191261_v_0_1784878144497_5.webp?alt=media&token=ff012f1f-dc6f-4ddc-87f4-0a672e82c03d,https://firebasestorage.googleapis.com/v0/b/futurexweb-ae46b.firebasestorage.app/o/products%2Fvariants%2F1776498787719_v_1_1776498478091_virtual-photoshoot-2%20(6)%20(1).jpg.webp?alt=media&token=9a570b2f-2e6a-4f11-a9c4-3e00d7bcd9e9,https://firebasestorage.googleapis.com/v0/b/futurexweb-ae46b.firebasestorage.app/o/products%2Fvariants%2F1772611453862_v_1772611146853_kz5e0_Smart%20Ring%20Q08%20(2).webp?alt=media&token=50625f36-d175-43ce-b92a-44956ab998a2,https://firebasestorage.googleapis.com/v0/b/futurexweb-ae46b.firebasestorage.app/o/products%2Fvariants%2F1776428157339_v_1_1776427755042_1st%20smart%20ring%20(1).webp?alt=media&token=71b3a3d7-98c2-4ce6-9924-9eeb82664a6d,https://firebasestorage.googleapis.com/v0/b/futurexweb-ae46b.firebasestorage.app/o/products%2Fvariants%2F1776499420380_v_2_1776499316758_virtual-photoshoot-1%20(3)%20(1).jpg.webp?alt=media&token=4c62d760-1768-4f84-8553-85ca4af71e81,https://firebasestorage.googleapis.com/v0/b/futurexweb-ae46b.firebasestorage.app/o/products%2Fvariants%2F1772611453863_v_1772611233276_pdvbi_Smart%20Ring%20Q08%20(3).webp?alt=media&token=33218af9-9629-4dcc-baee-f18bca0345ca","","in_stock","3040.00 INR","2888.00 INR","new","TheFutureX","Smart Rings","","Black, Gold, Silver","Stainless Steel","","Unisex","","","","no"
"p-1772618757914-ib3xp","The FutureX TFX Smart Band - Modern Fitness Tracking","TFX Smart Band - Modern Fitness Tracking is a smart fitness band built for everyday tracking, workouts, sleep analysis and connected wellness. It helps you monitor heart rate, SpO2, HRV, stress, activity, calories and daily energy trends through an app-connected wearable design that feels light on the wrist. With waterproof daily-use protection, long battery support, phone sync and practical fitness insights, TFX Smart Band - Modern Fitness Tracking is made for users searching for a smart band, fitness tracker, band, activity tracker and wellness wearable in India. Features: Fitness tracking; Heart rate; SpO2 tracking; Sleep analysis; HRV monitor; Stress tracking; Energy tracking; IP68 waterproof; Long battery; App connected. Specifications: Material: ABS fashion appearance; Battery Life: 5 to 7 days; Applicable People: Unisex; Battery: 90mAh Rechargeable Lithium Battery.","https://thefuturex.in/product/tfx-smart-band","https://firebasestorage.googleapis.com/v0/b/futurexweb-ae46b.firebasestorage.app/o/products%2Fvariants%2F1779532464028_v_0_1779532437200_Premium%20smart%20band%20black.webp?alt=media&token=65025629-46e0-41fe-95a3-d4d2d75fd3f9","https://firebasestorage.googleapis.com/v0/b/futurexweb-ae46b.firebasestorage.app/o/products%2Fvariants%2F1785763706156_v_0_1785763656344_TFX%20Smart%20Black%20(2).webp?alt=media&token=5d4674ac-8a1c-4e16-92b2-3ef414c384c6,https://firebasestorage.googleapis.com/v0/b/futurexweb-ae46b.firebasestorage.app/o/products%2Fvariants%2F1785763709451_v_0_1785763656344_TFX%20Smart%20Black%20(3).webp?alt=media&token=07a68ee5-8952-477f-943a-b568e9346252,https://firebasestorage.googleapis.com/v0/b/futurexweb-ae46b.firebasestorage.app/o/products%2Fvariants%2F1785763712058_v_0_1785763656344_TFX%20Smart%20Black%20(4).webp?alt=media&token=7445557d-1e21-4395-a3f6-4b7ea57f40ac,https://firebasestorage.googleapis.com/v0/b/futurexweb-ae46b.firebasestorage.app/o/products%2Fvariants%2F1785763714678_v_0_1785763656344_TFX%20Smart%20Black%20(5).webp?alt=media&token=88a0d5ad-50b4-4019-a4f4-dcf88924579a,https://firebasestorage.googleapis.com/v0/b/futurexweb-ae46b.firebasestorage.app/o/products%2Fvariants%2F1772618746506_v_1772618114512_v291v_black%202208A%20%20model%20device%20(4).webp?alt=media&token=75e577d9-f262-437d-b6dd-f228b2db9ce5,https://firebasestorage.googleapis.com/v0/b/futurexweb-ae46b.firebasestorage.app/o/products%2Fvariants%2F1779532464055_v_1_1779532437200_Premium%20smart%20band%20Grey.webp?alt=media&token=a31f2088-73b3-4b95-b18e-33bb0f7ff7c4,https://firebasestorage.googleapis.com/v0/b/futurexweb-ae46b.firebasestorage.app/o/products%2Fvariants%2F1785763706156_v_1_1785763656344_TFX%20Smart%20Silver%20(1).webp?alt=media&token=350f7d9f-a030-47cf-88ed-40f42eaf79b1,https://firebasestorage.googleapis.com/v0/b/futurexweb-ae46b.firebasestorage.app/o/products%2Fvariants%2F1785763709600_v_1_1785763656344_TFX%20Smart%20Silver%20(2).webp?alt=media&token=42a07a78-eb47-46ae-9503-dc5801c9b3e4,https://firebasestorage.googleapis.com/v0/b/futurexweb-ae46b.firebasestorage.app/o/products%2Fvariants%2F1785763712484_v_1_1785763656344_TFX%20Smart%20Silver%20(3).webp?alt=media&token=08d70ab0-92f6-484b-8f52-79c43aaeab78,https://firebasestorage.googleapis.com/v0/b/futurexweb-ae46b.firebasestorage.app/o/products%2Fvariants%2F1785763715320_v_1_1785763656344_TFX%20Smart%20Silver%20(4).webp?alt=media&token=55a4eded-b99f-4401-bd8a-10a7958f92e8","","in_stock","4725.00 INR","4488.75 INR","new","TheFutureX","Smart Bands","","Black, Sliver","ABS fashion appearance","","","","","","no"
"p-1772706011058-026xu","The FutureX Bluetooth Heart Rate Monitor Chest Belt, Wireless Fitness Tracker Strap for Running","The Future X Bluetooth Heart Rate Monitor Chest Belt, Wireless Fitness Tracker Strap for Running is a smart fitness band built for everyday health tracking, workouts, sleep analysis, and connected wellness. It helps you monitor heart rate, SpO2, HRV, stress, activity, calories, and daily energy trends through an app-connected wearable design that feels light on the wrist. With waterproof daily-use protection, long battery support, phone sync, and practical fitness insights, The Future X Bluetooth Heart Rate Monitor Chest Belt, Wireless Fitness Tracker Strap for Running is made for users searching for a smart band, fitness tracker, health band, activity tracker, and wellness wearable in India. Features: Fitness tracking; Heart rate; SpO2 tracking; Sleep analysis; HRV monitor; Stress tracking; Energy tracking; IP68 waterproof; Long battery; App connected. Specifications: Connectivity: Bluetooth; Material: Soft Elastic Strap; Usage: Fitness & Heart Rate Monitoring; Brand: The Future X; Color: Black; Compatibility: Android & iOS.","https://thefuturex.in/product/the-future-x-bluetooth-heart-rate-monitor-chest-belt","https://firebasestorage.googleapis.com/v0/b/futurexweb-ae46b.firebasestorage.app/o/products%2F1776683308134_WhatsApp%20Image%202026-04-20%20at%2012.55.34.webp?alt=media&token=2dc1aef8-ff2a-40be-8c67-06bfe229fb7b","https://firebasestorage.googleapis.com/v0/b/futurexweb-ae46b.firebasestorage.app/o/products%2F1772707692006_chest%20belt.webp?alt=media&token=ceb1fc74-69e4-44a0-a71c-9ed7c0b100a6,https://firebasestorage.googleapis.com/v0/b/futurexweb-ae46b.firebasestorage.app/o/products%2F1772707694682_CHEST%20BELT%20DEVICE%20(1).webp?alt=media&token=611e6c82-f976-4fa4-a6eb-10c663708c73,https://firebasestorage.googleapis.com/v0/b/futurexweb-ae46b.firebasestorage.app/o/products%2F1776513851500_bealt_02.jpg%20(1).webp?alt=media&token=6d263c1b-87fd-4e5a-9b7b-93184ab1472b","","in_stock","4200.00 INR","3990.00 INR","new","TheFutureX","Smart Monitoring","","","Soft Elastic Strap","","","","","","no"
"p-1775474147719-9jkpt","The FutureX Smart Sleep Tracking Monitoring System","Upgrade your sleep experience with the TheFutureX Smart Sleep Monitoring Device , an advanced under-mattress sleep tracking system designed to monitor sleep quality, heart rate, and body movement without wearing any device. Built with intelligent sensor technology, this smart sleep monitor helps you understand and improve your sleep health effortlessly. Designed especially for elderly care, patients, and individuals living alone , the system provides real-time monitoring through a dedicated mobile app, ensuring comfort, safety, and peace of mind. How to Use Wear the Chest Strap Properly Adjust the elastic belt and position it snugly around your chest, just below the chest muscles for accurate readings. Turn On &amp; Activate the Sensor Slightly moisten the sensor pads and wear the strap to automatically activate the heart rate monitors. Connect via Bluetooth Pair the device with your smartphone, smartwatch, or fitness app (Android/iOS) through Bluetooth. Start Your Workout Begin running, cycling, or training — your heart rate will be tracked in real-time on your connected device. Remove &amp; Store After Use After your session, detach the sensor, clean the strap if needed, and store it in a dry place. Features: Advanced Sleep Monitoring; Heart Rate Monitoring; Contact-Free Detection; Smart App Control; Remote Monitoring & Alerts; Rechargeable Battery. Specifications: Battery: 350mAh Rechargeable Lithium.","https://thefuturex.in/product/thefuturex-smart-sleep-tracking-monitoring-system","https://firebasestorage.googleapis.com/v0/b/futurexweb-ae46b.firebasestorage.app/o/products%2F1775474144681_Sleep%20Monitor%20(3).webp?alt=media&token=2ed8436e-3813-46df-a649-b69e62fe85cc","https://firebasestorage.googleapis.com/v0/b/futurexweb-ae46b.firebasestorage.app/o/products%2F1776514167287_Sleep_Moniter.jpg.webp?alt=media&token=a3c771dc-c169-403b-9190-5572188cc512,https://firebasestorage.googleapis.com/v0/b/futurexweb-ae46b.firebasestorage.app/o/products%2F1776423474299_Sleep%20Monitor%20(3).webp?alt=media&token=1303eae5-738d-41e8-92da-648ad03cbd2a,https://firebasestorage.googleapis.com/v0/b/futurexweb-ae46b.firebasestorage.app/o/products%2F1776423475586_Sleep%20Monitor%20(6).webp?alt=media&token=f15e267d-f14a-4e98-98e0-c49a33440fde","","in_stock","6300.00 INR","5985.00 INR","new","TheFutureX","Smart Monitoring","","","","","","","","","no"
